{
  "IcoMoonType": "selection",
  "icons": [
    {
      "icon": {
        "paths": [
          "M107.616 141.248l156 619.136 302.944-96.576-270.336-329.536 348.864 305.92 283.296-88.64-820.768-410.304zM576.128 882.752v-170.368l-99.712 29.632 99.712 140.736z"
        ],
        "attrs": [
          {}
        ],
        "isMulticolor": false,
        "isMulticolor2": false,
        "tags": [
          "paper plane",
          "travel",
          "plane"
        ],
        "grid": 32
      },
      "attrs": [
        {}
      ],
      "properties": {
        "order": 1,
        "id": 0,
        "prevSize": 32,
        "name": "paperplane"
      },
      "setIdx": 0,
      "setId": 4,
      "iconIdx": 0
    },
    {
      "icon": {
        "paths": [
          "M842.286 521.714l22.286 29.143c6.286 8 4.571 18.857-2.857 25.143-57.143 44.571-188.571 145.714-194.286 150.286-40.571 33.143-95.429 78.857-154.857 78.286h-1.143c-59.429 0-114.286-45.143-154.857-78.286-6.286-5.143-133.143-102.857-189.143-146.286-8-6.286-9.714-17.143-3.429-25.143l21.143-29.714c6.286-8.571 18.286-10.286 26.286-3.429 38.857 30.286 93.714 72.571 174.857 134.857 28.571 21.714 85.143 74.857 125.143 74.857h1.143c40 0 96.571-53.143 125.143-74.857 84-64.571 140-107.429 178.857-138.286 8-6.286 19.429-4.571 25.714 3.429zM950.857 932.571v-530.286c-57.143-53.143-48.571-48.571-313.143-253.143-28.571-22.286-85.143-76-125.143-76h-1.143c-40 0-96.571 53.714-125.143 76-264.571 204.571-256 200-313.143 253.143v530.286c0 9.714 8.571 18.286 18.286 18.286h841.143c9.714 0 18.286-8.571 18.286-18.286zM1024 402.286v530.286c0 50.286-41.143 91.429-91.429 91.429h-841.143c-50.286 0-91.429-41.143-91.429-91.429v-530.286c0-20.571 8.571-40 23.429-53.714 117.143-108.571 252-202.857 333.143-269.714 40-33.143 95.429-78.857 154.857-78.857h1.143c59.429 0 114.857 45.714 154.857 78.857 75.429 62.286 218.857 163.429 333.143 269.714 14.857 13.714 23.429 33.143 23.429 53.714z"
        ],
        "attrs": [
          {}
        ],
        "isMulticolor": false,
        "isMulticolor2": false,
        "tags": [
          "envelope-open-o"
        ],
        "grid": 14
      },
      "attrs": [
        {}
      ],
      "properties": {
        "order": 1,
        "id": 0,
        "prevSize": 28,
        "name": "envelope-open-o"
      },
      "setIdx": 1,
      "setId": 3,
      "iconIdx": 0
    },
    {
      "icon": {
        "paths": [
          "M954.368 134.861c-17.613 6.195-886.835 312.525-903.987 318.566-14.541 5.12-17.766 17.664-0.512 24.525 20.531 8.243 194.355 77.875 194.355 77.875v0l115.2 46.131c0 0 554.906-407.45 562.381-412.979 7.578-5.53 16.282 4.864 10.803 10.803-5.478 5.99-402.995 435.866-402.995 435.866v0.102l-23.142 25.754 30.669 16.486c0 0 238.080 128.205 255.078 137.318 14.899 7.987 34.202 1.382 38.502-17.101 5.069-21.811 145.664-627.763 148.787-641.28 4.045-17.562-7.578-28.262-25.139-22.067zM358.4 878.694c0 12.595 7.117 16.128 16.947 7.219 12.851-11.725 145.92-131.123 145.92-131.123l-162.867-84.173v208.077z"
        ],
        "attrs": [
          {}
        ],
        "isMulticolor": false,
        "isMulticolor2": false,
        "tags": [
          "paper-plane"
        ],
        "grid": 20
      },
      "attrs": [
        {}
      ],
      "properties": {
        "order": 1,
        "id": 0,
        "prevSize": 20,
        "name": "paper-plane"
      },
      "setIdx": 2,
      "setId": 2,
      "iconIdx": 0
    }
  ],
  "height": 1024,
  "preferences": {
    "showGlyphs": true,
    "showQuickUse": true,
    "showQuickUse2": true,
    "showSVGs": true,
    "fontPref": {
      "prefix": "icon-",
      "metadata": {
        "fontFamily": "icomoon"
      },
      "metrics": {
        "emSize": 1024,
        "baseline": 6.25,
        "whitespace": 50
      },
      "embed": false
    },
    "imagePref": {
      "prefix": "icon-",
      "png": true,
      "useClassSelector": true,
      "color": 0,
      "bgColor": 16777215,
      "classSelector": ".icon",
      "name": "icomoon"
    },
    "historySize": 50,
    "showCodes": true,
    "gridSize": 16
  }
}